{
    "diferencia_promedio": 360.7142523899081,
    "angulo_mas_comun": 178.52742510872002
}