{
    "diferencia_promedio": 348.00019941887876,
    "pendiente_promedio": -0.01997995914831159
}