{
    "diferencia_promedio": 311.58990679857266,
    "pendiente_promedio": -0.01803640496820329
}