{
    "diferencia_promedio": 316.7142314741132,
    "pendiente_promedio": -0.015671627687885305
}