{
    "diferencia_promedio": 354.96307373553856,
    "pendiente_promedio": -0.0053577387440324154
}