{
    "diferencia_promedio": 351.7676773144986,
    "angulo_mas_comun": 178.82486676276065
}