{
    "diferencia_promedio": 345.8759928113536,
    "pendiente_promedio": -0.018184487500729086
}