{
    "focal_length": 2087.9831334685546,
    "baseline": 0.1575925481276722,
    "opt_cnt_x": 1676.0670318603516,
    "opt_cnt_y": 1118.675064086914
}